date,home_team,away_team,home_score,away_score,target,p_away,p_draw,p_home,linear_confidence,boost_confidence,dixon_coles_confidence,model_disagreement,edition
2006-06-09,Germany,Costa Rica,4.0,2.0,2.0,0.08720836107838,0.1932668013704699,0.7195248375511503,0.7293168652572789,0.7423386758951077,0.7438752351504512,0.004375630558564516,2006
2006-06-09,Poland,Ecuador,0.0,2.0,0.0,0.3005946491100495,0.2722281051036728,0.42717724578627775,0.4243180735256102,0.4573822948898577,0.44769454600437275,0.026610130422730017,2006
2006-06-10,Argentina,Ivory Coast,2.0,1.0,2.0,0.18975579935763112,0.2623416685113668,0.5479025321310022,0.578662403954203,0.524433325981048,0.5131660123850553,0.024250682163416068,2006
2006-06-10,England,Paraguay,1.0,0.0,2.0,0.20084280516725964,0.24020665737886296,0.5589505374538773,0.5695673360425074,0.5328308968868457,0.5695024994304596,0.02093213760896363,2006
2006-06-10,Trinidad and Tobago,Sweden,0.0,0.0,1.0,0.6223224016530843,0.24305944762258339,0.13461815072433228,0.648085415638969,0.6263812599273991,0.6061159554412903,0.01592653580353411,2006
2006-06-11,Angola,Portugal,0.0,1.0,0.0,0.6278154873288437,0.2333373492799931,0.13884716339116313,0.6665062338731569,0.5364023440518014,0.5846081965859395,0.038249154070846524,2006
2006-06-11,Mexico,Iran,3.0,1.0,2.0,0.27083591774877125,0.3072594101027507,0.4219046721484781,0.43899733421598475,0.4650709103918555,0.3984763279378257,0.02673191977389062,2006
2006-06-11,Serbia,Netherlands,0.0,1.0,0.0,0.5887338247146603,0.248872711292624,0.16239346399271565,0.6082420751307299,0.48821409956867096,0.5831018437366932,0.035441852287809994,2006
2006-06-12,Australia,Japan,3.0,1.0,2.0,0.30998047303423854,0.27187057084511285,0.4181489561206487,0.42452356299079624,0.4805262685252765,0.4172685811070909,0.023469114435641383,2006
2006-06-12,Italy,Ghana,2.0,0.0,2.0,0.16287752466936697,0.23131704347499749,0.6058054318556355,0.6122217008273853,0.6716486173310231,0.6305692127427871,0.02060395854932107,2006
2006-06-12,United States,Czech Republic,0.0,3.0,0.0,0.39794053658462053,0.2949507353725515,0.30710872804282796,0.42057658341532933,0.4339489919055908,0.3588743135029032,0.030027702562425748,2006
2006-06-13,Brazil,Croatia,1.0,0.0,2.0,0.13029046418704934,0.22246492953945196,0.6472446062734988,0.6751829170203187,0.6567166120415684,0.6289581298073699,0.0160733547349365,2006
2006-06-13,France,Switzerland,0.0,0.0,1.0,0.1717115076156977,0.2854055106140233,0.5428829817702789,0.5396526406182817,0.47722452479986205,0.5802073972033586,0.028240114590806886,2006
2006-06-13,South Korea,Togo,2.0,1.0,2.0,0.12194721968291283,0.20765789693851616,0.6703948833785709,0.6841332558817469,0.774648937374822,0.6846115141813444,0.028387231881493027,2006
2006-06-14,Germany,Poland,1.0,0.0,2.0,0.1119700721841683,0.22392245085261997,0.6641074769632116,0.6846048936924229,0.7131838944739652,0.6625273504136898,0.013870429065128908,2006
2006-06-14,Spain,Ukraine,4.0,0.0,2.0,0.17317996781659342,0.23066837401362913,0.5961516581697774,0.5851961372102245,0.6700781332288873,0.6575366652952885,0.02892919199041645,2006
2006-06-14,Tunisia,Saudi Arabia,2.0,2.0,1.0,0.25239909082311945,0.2639124280610627,0.48368848111581786,0.4711132033440876,0.47105045096937664,0.5339072785189207,0.03751534620029874,2006
2006-06-15,Ecuador,Costa Rica,3.0,0.0,2.0,0.294915021811272,0.27068196206225237,0.4344030161264757,0.4539225737940561,0.41699647170121845,0.4077453520904424,0.015895533253160204,2006
2006-06-15,England,Trinidad and Tobago,2.0,0.0,2.0,0.08744458966999524,0.16578578001557556,0.7467696303144292,0.7613872345491625,0.8449489593758175,0.7621308674225857,0.02816503778474828,2006
2006-06-15,Sweden,Paraguay,1.0,0.0,2.0,0.33485900245448974,0.2683153252475743,0.3968256722979361,0.42420569103581685,0.37706643086803054,0.3717627781755219,0.02394596540138307,2006
2006-06-16,Argentina,Serbia,6.0,0.0,2.0,0.15453877774102048,0.2311046231899791,0.6143565990690005,0.6360427341694047,0.5982600643854901,0.606924390777663,0.011610105800284154,2006
2006-06-16,Mexico,Angola,0.0,0.0,1.0,0.09121679675309456,0.18316574678794287,0.7256174564589627,0.7320603025536211,0.7602190110727075,0.7578967745801141,0.01056318211107054,2006
2006-06-16,Netherlands,Ivory Coast,2.0,1.0,2.0,0.1972816103337351,0.24684882138700012,0.5558695682792647,0.5712122041853067,0.45027888832227614,0.5557664022557804,0.047014448360343214,2006
2006-06-17,Czech Republic,Ghana,0.0,2.0,0.0,0.12292376793031891,0.2180417325731342,0.659034499496547,0.6550238937896852,0.6552807043482827,0.710580810946325,0.026332915335551123,2006
2006-06-17,Italy,United States,1.0,1.0,1.0,0.2242243523097674,0.24043321569273982,0.5353424319974927,0.5536541489746032,0.447202575947777,0.526294380431019,0.0314038802186157,2006
2006-06-17,Portugal,Iran,2.0,0.0,2.0,0.2928753986566177,0.2858176210961648,0.4213069802472173,0.4459819711404554,0.40267267648371313,0.3815798345456132,0.05927946575806259,2006
2006-06-18,Brazil,Australia,2.0,0.0,2.0,0.14789916814679205,0.26218453658270674,0.5899162952705013,0.5779993577169719,0.6220946716920147,0.6516054129698889,0.024190900601235025,2006
2006-06-18,France,South Korea,1.0,1.0,1.0,0.17796818573749243,0.243683425704992,0.5783483885575155,0.5867217960345824,0.48924339315874105,0.5958931784626499,0.033053287236454,2006
2006-06-18,Japan,Croatia,0.0,0.0,1.0,0.39701311897116515,0.29386959669081386,0.309117284338021,0.3963077658091917,0.36211176448824234,0.4082398512706216,0.013037362576787512,2006
2006-06-19,Saudi Arabia,Ukraine,0.0,4.0,0.0,0.42072625451081735,0.259638349886754,0.3196353956024285,0.43487000164672324,0.43641645679828583,0.4033677759721229,0.02357998403969257,2006
2006-06-19,Spain,Tunisia,3.0,1.0,2.0,0.1404882279970688,0.22899469200593123,0.6305170799969999,0.6505700249564893,0.5552298630465613,0.6279463026608542,0.02788576708163955,2006
2006-06-19,Togo,Switzerland,0.0,2.0,0.0,0.6426902808577607,0.23370106368044255,0.12360865546179672,0.6350122891370832,0.6269857091390374,0.700455667946086,0.023483779030412155,2006
2006-06-20,Costa Rica,Poland,1.0,2.0,0.0,0.4336484935656501,0.2779556523052287,0.28839585412912117,0.43603510420776465,0.5682203118086706,0.4438373582444474,0.041315256697052355,2006
2006-06-20,Germany,Ecuador,3.0,0.0,2.0,0.15284140236868263,0.24323167678753707,0.6039269208437803,0.6096033615900072,0.6388515241223623,0.6296921730648296,0.010474948110023965,2006
2006-06-20,Paraguay,Trinidad and Tobago,2.0,0.0,2.0,0.2043090909961976,0.2489164694478203,0.546774439555982,0.5832662701841878,0.5249951375235539,0.49981481176535286,0.02526866044331896,2006
2006-06-20,Sweden,England,2.0,2.0,1.0,0.4318768669060722,0.3102401496951393,0.2578829833987887,0.46105337315770306,0.39800430431558853,0.3838529918887737,0.05074953911310034,2006
2006-06-21,Iran,Angola,1.0,1.0,1.0,0.22653763715715747,0.25911321834408146,0.5143491444987611,0.5203021987982908,0.5193096053256671,0.528953031177312,0.024896109844780953,2006
2006-06-21,Ivory Coast,Serbia,3.0,2.0,2.0,0.25577961976922714,0.27367306209496217,0.47054731813581063,0.5023076241943794,0.4894762601656189,0.42300912745122377,0.02465416561281898,2006
2006-06-21,Netherlands,Argentina,0.0,0.0,1.0,0.3949474747276921,0.29690376650485334,0.3081487587674546,0.4207482672160355,0.3999575745164771,0.36959345415013084,0.04695102821347071,2006
2006-06-21,Portugal,Mexico,2.0,1.0,2.0,0.4136982935384758,0.2841340544754424,0.3021676519860818,0.4125183621244813,0.4598699524260061,0.42850926895936625,0.020802694294302784,2006
2006-06-22,Croatia,Australia,2.0,2.0,1.0,0.3640983026602263,0.302536344778206,0.33336535256156774,0.35322074194788095,0.443265619157421,0.3921314683594228,0.02517204323463354,2006
2006-06-22,Czech Republic,Italy,0.0,2.0,0.0,0.404523860761456,0.30055383594875795,0.2949223032897859,0.41438063422650295,0.36694405995018864,0.3941208237340489,0.025422637568452422,2006
2006-06-22,Ghana,United States,2.0,1.0,2.0,0.43857968675168935,0.25603470467175454,0.3053856085765561,0.4579300472122063,0.3962155379585565,0.41286507248967486,0.0447711515663238,2006
2006-06-22,Japan,Brazil,1.0,4.0,0.0,0.687642212450484,0.22380097970167873,0.08855680784783744,0.6985272924313347,0.5553058477055334,0.7072801680807062,0.04929795190073971,2006
2006-06-23,Saudi Arabia,Spain,0.0,1.0,0.0,0.736184728657701,0.1923315240902424,0.07148374725205658,0.719306239651208,0.6678356952695816,0.8177109551445203,0.0415060402820101,2006
2006-06-23,Switzerland,South Korea,2.0,0.0,2.0,0.3602008078489174,0.25543696953966105,0.38436222261142144,0.3948573439406474,0.44162392629358715,0.3688755767671782,0.027138982005878023,2006
2006-06-23,Togo,France,0.0,2.0,0.0,0.775696606877755,0.16445347864233473,0.05984991447991025,0.785138384090696,0.7635807484632398,0.8006887160843501,0.013852136048852449,2006
2006-06-23,Ukraine,Tunisia,1.0,0.0,2.0,0.3319275113546754,0.27334028114960535,0.3947322074957192,0.4174442250464827,0.34607061528305266,0.3548744640272807,0.026775109154261456,2006
2006-06-24,Argentina,Mexico,2.0,1.0,2.0,0.22567087020145282,0.26609143866604446,0.5082376911325028,0.5144535953234788,0.4318625974718828,0.5213891385435264,0.037679687962212806,2006
2006-06-24,Germany,Sweden,2.0,0.0,2.0,0.18195300691878322,0.27974768996514354,0.5382993031160731,0.5228818040401798,0.6298394201479783,0.6015830842965091,0.03329113033971597,2006
2006-06-25,England,Ecuador,1.0,0.0,2.0,0.18863525699902434,0.24035687619602567,0.57100786680495,0.5516913876319276,0.7012290220116661,0.6475399884852951,0.045955843458598176,2006
2006-06-25,Portugal,Netherlands,1.0,0.0,2.0,0.49823470507304624,0.2848299563795781,0.21693533854737568,0.5157340648030836,0.48863817730883535,0.48531017589303826,0.02699155524499779,2006
2006-06-26,Italy,Australia,1.0,0.0,2.0,0.23513818015790602,0.2746855726158119,0.490176247226282,0.5041373492864971,0.4230614030832294,0.4839834455714079,0.05018894816441982,2006
2006-06-26,Switzerland,Ukraine,0.0,0.0,1.0,0.25893579984800624,0.23913736881148998,0.5019268313405039,0.5109488823186208,0.4968803015069154,0.5081710255869326,0.011441108323138195,2006
2006-06-27,Brazil,Ghana,3.0,0.0,2.0,0.08652285509084244,0.19699754832386876,0.7164795965852887,0.7282873547380341,0.7638067100074022,0.7362002917141347,0.019014825060603324,2006
2006-06-27,Spain,France,1.0,3.0,0.0,0.3803536757917032,0.2924019414408226,0.3272443827674742,0.3941153535710063,0.37177153509198957,0.35770914146558197,0.0162940063416922,2006
2006-06-30,Germany,Argentina,1.0,1.0,1.0,0.3080416594684747,0.32614256096521027,0.365815779566315,0.35348690547946954,0.35547762481173306,0.3973189893287587,0.016856272947216432,2006
2006-06-30,Italy,Ukraine,3.0,0.0,2.0,0.14920651026469411,0.21614625868926268,0.6346472310460431,0.6514243737836855,0.6826171587360177,0.6399164458114093,0.013705431950665184,2006
2006-07-01,Brazil,France,0.0,1.0,0.0,0.2720725239438966,0.28955810472123683,0.43836937133486664,0.4370348011838509,0.5038239382033822,0.4573462999666862,0.01863693211189628,2006
2006-07-01,England,Portugal,0.0,0.0,1.0,0.3094374510333636,0.29254253978901196,0.39802000917762437,0.40617053574134426,0.3676500212610551,0.39027799717645717,0.0283271629571316,2006
2006-07-04,Germany,Italy,0.0,2.0,0.0,0.3040741255779368,0.3292850142959483,0.36664086012611485,0.35095888181201207,0.40967187143747297,0.40550858823311553,0.03189238911057506,2006
2006-07-05,Portugal,France,0.0,1.0,0.0,0.5287414922020531,0.2806438371058011,0.1906146706921459,0.5582975376894801,0.6040312494983358,0.49374978861025604,0.03686753346676808,2006
2006-07-08,Germany,Portugal,3.0,1.0,2.0,0.22239698886480527,0.29610907433075784,0.481493936804437,0.4839797556601493,0.44450773952865025,0.4984873632538747,0.01585599570039724,2006
2006-07-09,Italy,France,1.0,1.0,1.0,0.37414563322352784,0.3047663687730626,0.3210879980034094,0.3770990011763993,0.34989081791403104,0.37392469200492995,0.01762821152769896,2006
2010-06-11,South Africa,Mexico,1.0,1.0,1.0,0.4208462066950865,0.3103021151565538,0.2688516781483598,0.4159420137539985,0.42841509695064073,0.42019418745034154,0.00984498785483521,2010
2010-06-11,Uruguay,France,0.0,0.0,1.0,0.3048841231480758,0.2845179947235882,0.41059788212833603,0.4047551544354663,0.44198355809515255,0.38229372362547476,0.034053704639894496,2010
2010-06-12,Argentina,Nigeria,1.0,0.0,2.0,0.16414240554294965,0.24614063553097407,0.5897169589260763,0.6317906592747204,0.5457983055633677,0.5781103948057409,0.02388530585030856,2010
2010-06-12,England,United States,1.0,1.0,1.0,0.1889806930099962,0.22463528697655138,0.5863840200134525,0.6188376110731353,0.5830457361737013,0.5406421442163581,0.02194229750277109,2010
2010-06-12,South Korea,Greece,2.0,0.0,2.0,0.20666081244446324,0.2701249438682489,0.5232142436872878,0.5471483360291843,0.4833223154514854,0.5352289442779393,0.01857596760114497,2010
2010-06-13,Algeria,Slovenia,0.0,1.0,0.0,0.5106343260453281,0.22980307304596578,0.2595626009087061,0.49423894661985435,0.5638662974828189,0.4733890275622649,0.026093894783412865,2010
2010-06-13,Germany,Australia,4.0,0.0,2.0,0.21474557137452382,0.2530802210661065,0.5321742075593696,0.5428620606243124,0.5513556014942734,0.49335276707522996,0.020736959547508302,2010
2010-06-13,Serbia,Ghana,0.0,1.0,0.0,0.24878136131387496,0.24303347907848477,0.5081851596076403,0.5092973422074266,0.5233672427942048,0.48937027942874667,0.01802786363235812,2010
2010-06-14,Italy,Paraguay,1.0,1.0,1.0,0.20699313353414397,0.23900098835732714,0.5540058781085289,0.5120731464826773,0.6054639113813565,0.5600912168125429,0.030592393752251885,2010
2010-06-14,Japan,Cameroon,1.0,0.0,2.0,0.358998393601863,0.2709967347454039,0.37000487165273316,0.37857117643571464,0.38462301508683694,0.3900540022995438,0.02282697292498072,2010
2010-06-14,Netherlands,Denmark,2.0,0.0,2.0,0.12069178949326119,0.19098301499746995,0.6883251955092689,0.6292960230680745,0.74386533822869,0.717493234989561,0.033258961701223104,2010
2010-06-15,Brazil,North Korea,2.0,1.0,2.0,0.03231159940696419,0.10707083521200139,0.8606175653810345,0.8851033587181446,0.891334972776285,0.7863060082535198,0.03207313459975114,2010
2010-06-15,Ivory Coast,Portugal,0.0,0.0,1.0,0.43833302085852394,0.2559891035090846,0.30567787563239135,0.44655632874667567,0.4300738801294246,0.4361591188471269,0.015602990907420294,2010
2010-06-15,New Zealand,Slovakia,1.0,1.0,1.0,0.35796994482639183,0.2617983633583087,0.3802316918152995,0.4088408834327283,0.36761038665290163,0.3599765025987268,0.018719874260079497,2010
2010-06-16,Honduras,Chile,0.0,1.0,0.0,0.581326059468676,0.226014261059134,0.19265967947219012,0.5452333038627941,0.6259545138657276,0.5866034562386331,0.023012238991375583,2010
2010-06-16,South Africa,Uruguay,0.0,3.0,0.0,0.36542910633382186,0.34651402512322893,0.2880568685429494,0.35805567406438715,0.37848901434129567,0.4073201947630811,0.02548574666043643,2010
2010-06-16,Spain,Switzerland,0.0,1.0,0.0,0.06721073741817131,0.1535802440398477,0.779209018541981,0.6971194473546308,0.8405934097353199,0.8381906803963268,0.04491656151875537,2010
2010-06-17,Argentina,South Korea,4.0,1.0,2.0,0.248132159089583,0.23942343045163336,0.5124444104587836,0.5327113835877454,0.5169696530236666,0.4760448141549878,0.018863863460194807,2010
2010-06-17,France,Mexico,0.0,2.0,0.0,0.3614365766515624,0.23460354385408314,0.40395987949435447,0.38286735301469915,0.4294953302109096,0.4070755455646173,0.03772687028349963,2010
2010-06-17,Greece,Nigeria,2.0,1.0,2.0,0.48178110026896054,0.24296363845889293,0.2752552612721465,0.4552134322691271,0.5626728831588099,0.4268033851131941,0.0401246552416309,2010
2010-06-18,England,Algeria,0.0,0.0,1.0,0.04301800082238886,0.11116425036156155,0.8458177488160497,0.8454384877469656,0.8878352759788971,0.7976004927684431,0.02533656329229907,2010
2010-06-18,Germany,Serbia,0.0,1.0,0.0,0.1905591877838613,0.22640610579006798,0.5830347064260707,0.5828188307624745,0.6464452233142072,0.508039080028307,0.03852288300064244,2010
2010-06-18,Slovenia,United States,2.0,2.0,1.0,0.5166509257774298,0.21829503956793903,0.2650540346546313,0.5327541423745307,0.5427690030459247,0.46057988110061987,0.046548676429442985,2010
2010-06-19,Cameroon,Denmark,1.0,2.0,0.0,0.44139767701009536,0.26013947215033406,0.2984628508395706,0.4307293610301456,0.49479513345462656,0.39420884419542235,0.02785379595222497,2010
2010-06-19,Ghana,Australia,1.0,1.0,1.0,0.37277444424548084,0.3327910665454098,0.2944344892091094,0.376392191415736,0.42307116954545304,0.43495037457073454,0.06004818022508429,2010
2010-06-19,Netherlands,Japan,1.0,0.0,2.0,0.08987007485176177,0.1446288840123232,0.765501041135915,0.7234903782800008,0.8542275893307382,0.7271092262181068,0.040820724854849576,2010
2010-06-20,Brazil,Ivory Coast,3.0,1.0,2.0,0.11207592206401948,0.17694652399338268,0.7109775539425978,0.7252525250571696,0.7649051944318248,0.624986546536674,0.04007867920809053,2010
2010-06-20,Italy,New Zealand,1.0,1.0,1.0,0.1187087908719651,0.19096325723735977,0.6903279518906752,0.7110304852792686,0.7193948938130678,0.6243321299465895,0.029458865552846002,2010
2010-06-20,Slovakia,Paraguay,0.0,2.0,0.0,0.5199129259707956,0.24491160735508516,0.23517546667411912,0.5952170145829362,0.4848486252036969,0.44389551414426964,0.04329804096793316,2010
2010-06-21,Chile,Switzerland,1.0,0.0,2.0,0.23979257298174014,0.2840790896873897,0.47612833733087023,0.4781256503326609,0.4839238542402229,0.4646398225689878,0.02187481408620169,2010
2010-06-21,Portugal,North Korea,7.0,0.0,2.0,0.1579644575046624,0.18748700087791426,0.6545485416174234,0.6935539939132396,0.6079032470718368,0.6515843335046808,0.03629009871912338,2010
2010-06-21,Spain,Honduras,2.0,0.0,2.0,0.06775372567605435,0.14302597326575733,0.7892203010581884,0.7246863847745109,0.88403844512712,0.7793403666688493,0.04525671217512419,2010
2010-06-22,Greece,Argentina,0.0,2.0,0.0,0.6687520254176429,0.20260429564704344,0.12864367893531378,0.7116009022242684,0.6603012626760765,0.6130541700507284,0.02705554880643751,2010
2010-06-22,Mexico,Uruguay,0.0,1.0,0.0,0.3039096725669683,0.28194233307690575,0.4141479943561261,0.35161352465301043,0.44211794341200766,0.48068368714547094,0.041873903757871755,2010
2010-06-22,Nigeria,South Korea,2.0,2.0,1.0,0.4653696259191394,0.255751677987967,0.2788786960928937,0.4387336763508088,0.5529212165154829,0.40223599627903506,0.04310903392299544,2010
2010-06-22,South Africa,France,2.0,1.0,2.0,0.3900694509402933,0.33505632212808795,0.2748742269316187,0.40093968325399637,0.37123312112976853,0.3961509183928554,0.02161866495937656,2010
2010-06-23,Australia,Serbia,2.0,1.0,2.0,0.40670982431913794,0.2681010996895307,0.3251890759913314,0.43448133934308286,0.3570558570452125,0.4235256359360764,0.024645040673808946,2010
2010-06-23,Ghana,Germany,0.0,1.0,0.0,0.4971982896455097,0.29011134476010536,0.212690365594385,0.5456727413141365,0.46910248287299283,0.4553636050163582,0.03532627451387149,2010
2010-06-23,Slovenia,England,0.0,1.0,0.0,0.5807189824958451,0.2628203483031814,0.1564606692009734,0.6351785900327821,0.538666294227245,0.5469461019367361,0.029937511827931123,2010
2010-06-23,United States,Algeria,1.0,0.0,2.0,0.1254898133257491,0.18404161131439148,0.6904685753598594,0.7012016804962821,0.722781593305372,0.6364676474828188,0.024464570712397504,2010
2010-06-24,Cameroon,Netherlands,1.0,2.0,0.0,0.676312421250711,0.20338173858444542,0.12030584016484357,0.6404109635818298,0.6967657014889767,0.7112643318253778,0.02931775618484982,2010
2010-06-24,Denmark,Japan,1.0,3.0,0.0,0.2949675289753266,0.27801388626389295,0.42701858476078036,0.46995975566304776,0.370482268660037,0.42816562793335794,0.027558190233771585,2010
2010-06-24,Paraguay,New Zealand,0.0,0.0,1.0,0.14860374391952,0.2569125762481486,0.5944836798323313,0.6075713770892037,0.5692035963339086,0.6064730627441139,0.01755817645816476,2010
2010-06-24,Slovakia,Italy,3.0,2.0,2.0,0.5841634763079967,0.2710841065732117,0.14475241711879164,0.6852674778017122,0.49649171765883215,0.5314851944508434,0.06059186027090005,2010
2010-06-25,Chile,Spain,1.0,2.0,0.0,0.5355037517571326,0.2614569855563905,0.20303926268647676,0.5232999007611537,0.5129604711684133,0.5842218216176907,0.022079344740131665,2010
2010-06-25,North Korea,Ivory Coast,0.0,3.0,0.0,0.5975630762964476,0.23463210879613883,0.16780481490741367,0.6048236343930844,0.6178881944359581,0.5632742432047854,0.01673891320909746,2010
2010-06-25,Portugal,Brazil,0.0,0.0,1.0,0.5821222317366418,0.23824903001152914,0.17962873825182915,0.6240526073219611,0.6301709923556994,0.45847171061760295,0.05969722356275689,2010
2010-06-25,Switzerland,Honduras,0.0,0.0,1.0,0.24234602771878294,0.24817274693331987,0.5094812253478971,0.5120740680072068,0.508032357100759,0.5086068805256573,0.009815407589600979,2010
2010-06-26,United States,Ghana,1.0,2.0,0.0,0.3104778336722972,0.2450376238377541,0.44448454248994873,0.490769913277499,0.3979563713843782,0.4282086970913208,0.027820552343845884,2010
2010-06-26,Uruguay,South Korea,2.0,1.0,2.0,0.2508020277764487,0.24652294911926198,0.5026750231042892,0.5383944068867473,0.4916067063152847,0.460521709758533,0.021409810303074542,2010
2010-06-27,Argentina,Mexico,3.0,1.0,2.0,0.26464257049271034,0.25729703298988393,0.4780603965174057,0.47869969882322305,0.5182291312425933,0.42925651301584083,0.02447465138177604,2010
2010-06-27,Germany,England,4.0,1.0,2.0,0.44930787042696685,0.2675254816721135,0.28316664790091967,0.38656912413872063,0.5489926712202725,0.42895148433615127,0.046229639547735756,2010
2010-06-28,Brazil,Chile,3.0,0.0,2.0,0.16205752992224046,0.2183140723308265,0.6196283977469331,0.5929807274357515,0.6323954738132357,0.6489199244214345,0.0204163377421238,2010
2010-06-28,Netherlands,Slovakia,2.0,1.0,2.0,0.05925787963914773,0.13207610568172581,0.8086660146791265,0.7913499776766998,0.8864692362055256,0.7440146655415244,0.039720893049373235,2010
2010-06-29,Paraguay,Japan,0.0,0.0,1.0,0.2968267076351225,0.3136443132480362,0.3895289791168412,0.4590302639431689,0.3842389908674294,0.39375275684113953,0.0474547258440309,2010
2010-06-29,Spain,Portugal,1.0,0.0,2.0,0.1943221875989322,0.22728639158380226,0.5783914208172655,0.5560090645656297,0.6050546644758112,0.5836539993536003,0.01688445195121371,2010
2010-07-02,Netherlands,Brazil,2.0,1.0,2.0,0.4923258928454826,0.257218933894414,0.2504551732601033,0.48034266375666856,0.5407417440608809,0.4537575793247165,0.024537969794993925,2010
2010-07-02,Uruguay,Ghana,1.0,1.0,1.0,0.1873521618708177,0.23146958843274335,0.581178249696439,0.5959556566529781,0.580595648558176,0.5602952745109938,0.01932673628029272,2010
2010-07-03,Argentina,Germany,0.0,4.0,0.0,0.3578265247117639,0.30535873766499877,0.33681473762323744,0.37782118541244175,0.36917045310044433,0.39242748211379264,0.031007863964083754,2010
2010-07-03,Paraguay,Spain,0.0,1.0,0.0,0.564447262992258,0.2674766056169116,0.16807613139083036,0.5584087752606968,0.5303450519532897,0.6175947210136403,0.024327324861443334,2010
2010-07-06,Uruguay,Netherlands,2.0,3.0,0.0,0.4480436704116882,0.2981200356073585,0.2538362939809533,0.4704718082461956,0.4169883145691537,0.4510659371926982,0.020747351784001843,2010
2010-07-07,Germany,Spain,0.0,1.0,0.0,0.39166302760359806,0.29144168062062403,0.3168952917757778,0.37902080404472954,0.4055619829498047,0.3954065862417972,0.013477544206293367,2010
2010-07-10,Uruguay,Germany,2.0,3.0,0.0,0.48498441380523705,0.25657793629309766,0.2584376499016654,0.5320947941729759,0.4442172056908205,0.4607184199918119,0.02569968557413289,2010
2010-07-11,Netherlands,Spain,0.0,1.0,0.0,0.4267026408000983,0.2708732161925696,0.302424143007332,0.4525029057023933,0.37366818826358555,0.4509762621098416,0.026555175864626992,2010
2014-06-12,Brazil,Croatia,3.0,1.0,2.0,0.05219203214508912,0.1646760112852979,0.783131956569613,0.8266237525901945,0.6933638067789968,0.7690958814037456,0.0402669394204831,2014
2014-06-13,Chile,Australia,3.0,1.0,2.0,0.15014481205613406,0.21989105268596384,0.6299641352579022,0.6322397243992961,0.6296235479634716,0.6482258601796711,0.008059719825558262,2014
2014-06-13,Mexico,Cameroon,1.0,0.0,2.0,0.15053747989478303,0.22729719821094524,0.6221653218942717,0.6535741414292457,0.6183091139823951,0.5606189381451916,0.026862797443113585,2014
2014-06-13,Spain,Netherlands,1.0,5.0,0.0,0.2433069263245795,0.29059971939705337,0.46609335427836707,0.4545345893766148,0.47112377145727835,0.5061911476784293,0.02496808069464664,2014
2014-06-14,Colombia,Greece,3.0,0.0,2.0,0.19044003393391185,0.2567442328438059,0.5528157332222823,0.582791119935727,0.471960482690699,0.5612633850118994,0.03249398302151421,2014
2014-06-14,England,Italy,1.0,2.0,0.0,0.3038156634545898,0.31087190313765956,0.38531243340775057,0.3870814781596226,0.40907222727006154,0.4089878101783019,0.03984332292083803,2014
2014-06-14,Ivory Coast,Japan,2.0,1.0,2.0,0.3633071482808013,0.28199698514848354,0.3546958665707151,0.3884420662031578,0.36341425795571414,0.3769834653979469,0.019769984765167895,2014
2014-06-14,Uruguay,Costa Rica,1.0,3.0,0.0,0.16301110098061514,0.2579510668361921,0.5790378321831928,0.605471101568025,0.5075736960009999,0.5905712637879574,0.041047718578341365,2014
2014-06-15,Argentina,Bosnia and Herzegovina,2.0,1.0,2.0,0.10154848256299057,0.1867627838984548,0.7116887335385546,0.7565448179068021,0.7326007604898704,0.5929987782046203,0.04813168925019015,2014
2014-06-15,France,Honduras,3.0,0.0,2.0,0.11235673834944016,0.17944564217999648,0.7081976194705633,0.7186023886389827,0.6986765530306478,0.7151946353315409,0.011522594669422457,2014
2014-06-15,Switzerland,Ecuador,2.0,1.0,2.0,0.40588552384069604,0.27416246368266806,0.319952012476636,0.44411454191714994,0.38835167923393116,0.36052085845424026,0.032145704864068946,2014
2014-06-16,Germany,Portugal,4.0,0.0,2.0,0.26078246777450803,0.2942215883699511,0.444995943855541,0.4413846655511007,0.42573266445010827,0.5035420560951552,0.05680177161262746,2014
2014-06-16,Ghana,United States,1.0,2.0,0.0,0.44016508684900274,0.26384841284585725,0.2959865003051401,0.46014987951149133,0.4285309232022634,0.4039039663557416,0.02207586048966335,2014
2014-06-16,Iran,Nigeria,0.0,0.0,1.0,0.3546847630280128,0.28550205802624895,0.35981317894573844,0.36836047578764547,0.3451632326322452,0.37447059632734253,0.01537715984211721,2014
2014-06-17,Belgium,Algeria,2.0,1.0,2.0,0.1719880312571981,0.24221853169885066,0.5857934370439511,0.63100694708608,0.5323620718436831,0.5283334135065613,0.03801773026661256,2014
2014-06-17,Brazil,Mexico,0.0,0.0,1.0,0.09545636363359006,0.22432584810234463,0.6802177882640653,0.7242581693113362,0.6356516613180462,0.6220225337960568,0.038266303634238004,2014
2014-06-17,Russia,South Korea,1.0,1.0,1.0,0.29172111725511524,0.267308886580043,0.44096999616484184,0.4467364195731279,0.4251085570919835,0.44893978066574625,0.00921823969349306,2014
2014-06-18,Australia,Netherlands,2.0,3.0,0.0,0.6700844900744491,0.2167652141010652,0.11315029582448563,0.7113312118100151,0.6643091620745417,0.5844237693365857,0.034943030821557426,2014
2014-06-18,Cameroon,Croatia,0.0,4.0,0.0,0.47634515405388356,0.25484251775487304,0.26881232819124345,0.5193732603736263,0.41849332216407625,0.4205120682543041,0.03142484387886801,2014
2014-06-18,Spain,Chile,0.0,2.0,0.0,0.29049764822548485,0.29352118150488316,0.41598117026963205,0.36022326614575234,0.5074163123676511,0.49752491347212124,0.04563459701223794,2014
2014-06-19,Colombia,Ivory Coast,2.0,1.0,2.0,0.21243475029947712,0.27265667716853625,0.5149085725319867,0.5585818049968269,0.4349299631683016,0.4807368864116302,0.03657417833595359,2014
2014-06-19,Japan,Greece,0.0,0.0,1.0,0.31982757710024134,0.25627864406489886,0.4238937788348598,0.4399320701706252,0.40508236967685113,0.40379844694341205,0.015441938241355257,2014
2014-06-19,Uruguay,England,2.0,1.0,2.0,0.346332814469298,0.29757343855977897,0.35609374697092316,0.3702529110170163,0.37515166244700265,0.38590224173505183,0.02235344646961875,2014
2014-06-20,Honduras,Ecuador,1.0,2.0,0.0,0.5575097166982556,0.25948220493519486,0.18300807836654953,0.5843543940702937,0.5131773496522453,0.5416133089057193,0.021716063956300453,2014
2014-06-20,Italy,Costa Rica,0.0,1.0,0.0,0.23601897583459103,0.2669879952697513,0.49699302889565783,0.5240509566975423,0.44417138651273025,0.48356304523606003,0.036837650928606934,2014
2014-06-20,Switzerland,France,2.0,5.0,0.0,0.5119920134653926,0.28077502701965884,0.20723295951494863,0.5827736457671016,0.4223050364618135,0.4096231933421128,0.06022463331192718,2014
2014-06-21,Argentina,Iran,1.0,0.0,2.0,0.09839388100364238,0.18872700185289248,0.7128791171434652,0.7396363210288285,0.7179026121691584,0.6599391822950119,0.025329366002806285,2014
2014-06-21,Germany,Ghana,2.0,2.0,1.0,0.10096732856814618,0.17898070126807997,0.7200519701637738,0.7175257283969008,0.8049023474143824,0.6772291381561826,0.03608254167150587,2014
2014-06-21,Nigeria,Bosnia and Herzegovina,1.0,0.0,2.0,0.36716011422368455,0.26438562355660034,0.3684542622197151,0.3808334442474749,0.3455929413927736,0.35780035001452415,0.02115704273559801,2014
2014-06-22,Belgium,Russia,1.0,0.0,2.0,0.349299017845834,0.26976093375824906,0.3809400483959169,0.3784761831964538,0.4000135394882138,0.3745142357669518,0.017224306255437596,2014
2014-06-22,South Korea,Algeria,2.0,4.0,0.0,0.24335942026693438,0.25869235166687843,0.49794822806618727,0.5616419779586198,0.3444885852920629,0.47322084323419455,0.060381129851865965,2014
2014-06-22,United States,Portugal,2.0,2.0,1.0,0.38637130582879664,0.28141483923270116,0.3322138549385023,0.4118319836946854,0.350266891167745,0.3622051099195768,0.021888122270137724,2014
2014-06-23,Australia,Spain,0.0,3.0,0.0,0.6342380592240274,0.22550536620074746,0.14025657457522508,0.66386483633329,0.6192131893035264,0.5885599772191098,0.02415321309280249,2014
2014-06-23,Brazil,Cameroon,4.0,1.0,2.0,0.02394579462360153,0.0929192521800303,0.8831349531963683,0.9013517158220851,0.875164512498752,0.8611309015040591,0.01113501271519203,2014
2014-06-23,Croatia,Mexico,1.0,3.0,0.0,0.48961566483096747,0.2609884684309053,0.24939586673812722,0.5055679390434468,0.5297982419131347,0.4217490976261919,0.03201057418292056,2014
2014-06-23,Netherlands,Chile,2.0,0.0,2.0,0.38563424921510164,0.2735341748067365,0.34083157597816194,0.4203208260824518,0.35838939060445285,0.3964463015339385,0.028234815788902124,2014
2014-06-24,Costa Rica,England,0.0,0.0,1.0,0.4516845147802725,0.26935413422143784,0.2789613509982898,0.48455859267279644,0.40940784088944976,0.40810388933072245,0.026439186679731993,2014
2014-06-24,Greece,Ivory Coast,2.0,1.0,2.0,0.3782598421021548,0.3001377392996151,0.3216024185982301,0.4093223978330804,0.3464207036957327,0.35749823781050866,0.030066415034211442,2014
2014-06-24,Italy,Uruguay,0.0,1.0,0.0,0.3965809754923558,0.26972448616452904,0.3336945383431153,0.3993864746242269,0.4129704594825026,0.37918064792476514,0.010010967000602427,2014
2014-06-24,Japan,Colombia,1.0,4.0,0.0,0.5694912368809293,0.2399107242317367,0.19059803888733404,0.5920571399379208,0.5386485339388892,0.5544376836792533,0.015064588708258489,2014
2014-06-25,Bosnia and Herzegovina,Iran,3.0,1.0,2.0,0.39372287349222124,0.26620729695242573,0.3400698295553531,0.39427783097606967,0.413459098365632,0.37932668271052605,0.01614239579909228,2014
2014-06-25,Ecuador,France,0.0,0.0,1.0,0.5204522386963147,0.2519276210431345,0.22762014026055072,0.5565246178832195,0.4791357735244294,0.4729655017889361,0.026639380685323052,2014
2014-06-25,Honduras,Switzerland,0.0,3.0,0.0,0.4787422528698965,0.2751469277347181,0.24611081939538526,0.4847593484306151,0.48186335806940006,0.4720028358397613,0.016266689699910058,2014
2014-06-25,Nigeria,Argentina,2.0,3.0,0.0,0.6365198582803872,0.23027446732235932,0.13320567439725364,0.6789241140671514,0.6431076387547787,0.5347933178564644,0.04119070801768606,2014
2014-06-26,Algeria,Russia,1.0,1.0,1.0,0.4953456423219994,0.25466978354497616,0.24998457413302438,0.5515450895330081,0.4000254035548799,0.4382532546170299,0.04289473352581059,2014
2014-06-26,Portugal,Ghana,2.0,1.0,2.0,0.25949827943869064,0.2610324358868318,0.4794692846744776,0.46915084749494584,0.5049308200686106,0.4986059850506518,0.02824684104965446,2014
2014-06-26,South Korea,Belgium,0.0,1.0,0.0,0.49855747256571975,0.27511834344247116,0.22632418399180898,0.489234922812904,0.5331175602399413,0.5081064838592934,0.016847920532656192,2014
2014-06-26,United States,Germany,0.0,1.0,0.0,0.5672669051651799,0.2635895367002403,0.16914355813457982,0.604362048565643,0.5146095404301896,0.5305249070664053,0.029134130952860493,2014
2014-06-28,Brazil,Chile,1.0,1.0,1.0,0.12878411396659706,0.2384033513647416,0.6328125346686614,0.6408521416504859,0.6604629069158489,0.6086918863999814,0.02079801054446312,2014
2014-06-28,Colombia,Uruguay,2.0,0.0,2.0,0.2949531807584118,0.28752484731743533,0.41752197192415297,0.4071338584507744,0.46327503967663924,0.41260767801031817,0.01960676708921985,2014
2014-06-29,Costa Rica,Greece,1.0,1.0,1.0,0.2973601013430631,0.2721700405554424,0.4304698581014945,0.45267964187899895,0.4116304944276074,0.3936386809815137,0.01807301532419871,2014
2014-06-29,Netherlands,Mexico,2.0,1.0,2.0,0.2825899519926282,0.2774813101261512,0.43992873788122056,0.412248144326268,0.4823576636228489,0.4890959235836983,0.038719282265276614,2014
2014-06-30,France,Nigeria,2.0,0.0,2.0,0.14471918186241772,0.21809621993393596,0.6371845982036464,0.6586724763791176,0.5961122813526977,0.6387459505948816,0.017805946891684406,2014
2014-06-30,Germany,Algeria,2.0,1.0,2.0,0.07587714156465547,0.18988738119880022,0.7342354772365445,0.7884826349491826,0.6737132713696542,0.6632768266412603,0.04602172749365191,2014
2014-07-01,Argentina,Switzerland,1.0,0.0,2.0,0.16317691468420575,0.22582240209210663,0.6110006832236876,0.626022234853981,0.6276740209472216,0.5764994437837045,0.015960393025725685,2014
2014-07-01,Belgium,United States,2.0,1.0,2.0,0.33572145094339495,0.30379952925071896,0.36047901980588604,0.380707479336528,0.4092647888744184,0.36695522297394917,0.040426507991478296,2014
2014-07-04,Brazil,Colombia,2.0,1.0,2.0,0.14852408796843788,0.25703382763007965,0.5944420844014825,0.5937937353803333,0.62114122421213,0.5935292597306004,0.019907391529305717,2014
2014-07-04,France,Germany,0.0,1.0,0.0,0.3927390493031215,0.3016799061419851,0.3055810445548934,0.3995895785943918,0.37597945329201127,0.3940444889444824,0.018425024738630443,2014
2014-07-05,Argentina,Belgium,1.0,0.0,2.0,0.18977011831193655,0.25366343337080405,0.5565664483172593,0.5646971055389288,0.5911783694746617,0.5213086544741876,0.019897000021482043,2014
2014-07-05,Netherlands,Costa Rica,0.0,0.0,1.0,0.16176319597306055,0.21837718639843526,0.6198596176285043,0.6102590163834216,0.6632049374725137,0.6312285073010017,0.021275006779746086,2014
2014-07-08,Brazil,Germany,1.0,7.0,0.0,0.20064337077338681,0.27406434522541245,0.5252922840012008,0.532002659228101,0.5426899997831385,0.5072890061622886,0.012614275106914557,2014
2014-07-09,Netherlands,Argentina,0.0,0.0,1.0,0.3764619341922647,0.27169161168414946,0.35184645412358584,0.40588740955573843,0.42235088184048014,0.39711811544449505,0.03799026700339044,2014
2014-07-12,Brazil,Netherlands,0.0,3.0,0.0,0.2576275238781826,0.26141151347920943,0.480960962642608,0.4583638904300509,0.5460111343073025,0.4987027532795351,0.02833756657130132,2014
2014-07-13,Germany,Argentina,1.0,0.0,2.0,0.2980396437287022,0.27335603776220485,0.4286043185090929,0.4341589693680372,0.4218799551551001,0.42766070574912635,0.0043275695905801975,2014
2018-06-14,Russia,Saudi Arabia,5.0,0.0,2.0,0.13153922093536655,0.21519483344350243,0.6532659456211309,0.6883213652814522,0.6433278440800649,0.6233814460115846,0.020877356984972176,2018
2018-06-15,Egypt,Uruguay,0.0,1.0,0.0,0.6081856717208229,0.23691718052005592,0.15489714775912125,0.6789694790281463,0.5179376750804482,0.4987622889024246,0.0557593317879627,2018
2018-06-15,Morocco,Iran,0.0,1.0,0.0,0.3721492605924645,0.2873670316229785,0.34048370778455705,0.4111587330561831,0.3882501708725568,0.3768782861294352,0.046259013467189754,2018
2018-06-15,Portugal,Spain,3.0,3.0,1.0,0.5291980212077867,0.2698596669100959,0.20094231188211742,0.5710286649086349,0.46913611371247077,0.48056905758294405,0.0327685785353456,2018
2018-06-16,Argentina,Iceland,1.0,1.0,1.0,0.12350440000478496,0.2085981998978173,0.6678974000973977,0.6877369385790256,0.7133665117160577,0.6582076374971413,0.022025560220861773,2018
2018-06-16,Croatia,Nigeria,2.0,0.0,2.0,0.22013535343694254,0.25710119993064984,0.5227634466324078,0.5402343877725314,0.4932895485093493,0.5360744940632763,0.039629829766832034,2018
2018-06-16,France,Australia,2.0,1.0,2.0,0.14445869564659286,0.2453029900354463,0.6102383143179609,0.6464691951506798,0.5641731386113203,0.5894198063198732,0.02896395216399572,2018
2018-06-16,Peru,Denmark,0.0,1.0,0.0,0.2633713653230062,0.2652356144784609,0.47139302019853285,0.47864210365987403,0.4850143491530169,0.4795519292009909,0.018014663095729855,2018
2018-06-17,Brazil,Switzerland,1.0,1.0,1.0,0.11065254867033128,0.2115135106556924,0.6778339406739764,0.7193553362248736,0.5903560013159247,0.6738205783394409,0.03718877242485761,2018
2018-06-17,Costa Rica,Serbia,0.0,1.0,0.0,0.31107545760091354,0.26523518144673236,0.42368936095235404,0.43287151613564445,0.4201434504980387,0.42127671433750086,0.00896530803680845,2018
2018-06-17,Germany,Mexico,0.0,1.0,0.0,0.2427105097176984,0.24633514542353085,0.5109543448587708,0.5132681067408036,0.5763134056117106,0.5164477462201538,0.03156189597537633,2018
2018-06-18,Belgium,Panama,3.0,0.0,2.0,0.1625299809327236,0.18890712979516328,0.648562889272113,0.6280314209781811,0.7614282618047754,0.7327424846206377,0.03917258737667904,2018
2018-06-18,Sweden,South Korea,1.0,0.0,2.0,0.25429789809478043,0.26198295263681814,0.4837191492684014,0.5142258852409546,0.4128399838391602,0.4673413521175461,0.030712477152702547,2018
2018-06-18,Tunisia,England,1.0,2.0,0.0,0.6143080854388103,0.23783920964564972,0.14785270491553987,0.677468566874685,0.5577089777535001,0.5114695741298227,0.04663675243104067,2018
2018-06-19,Colombia,Japan,1.0,2.0,0.0,0.12871981617294107,0.22967081993682245,0.6416093638902366,0.687210400579494,0.6038696051033754,0.5902768117582881,0.03692142797893052,2018
2018-06-19,Poland,Senegal,1.0,2.0,0.0,0.3439250384665964,0.25129952083100915,0.4047754407023943,0.4175057888743233,0.41282775284623763,0.37761507094748953,0.028215966843500497,2018
2018-06-19,Russia,Egypt,3.0,1.0,2.0,0.15538193074960627,0.2090810291097555,0.6355370401406383,0.6715612188203482,0.6341538579236781,0.5957350402843496,0.0244041784579407,2018
2018-06-20,Iran,Spain,0.0,1.0,0.0,0.6459314745035578,0.21564961999119994,0.13841890550524227,0.6773035101859362,0.5997020116108831,0.6485695096770736,0.02135787125066696,2018
2018-06-20,Portugal,Morocco,1.0,0.0,2.0,0.2108259532088675,0.2396908564187906,0.549483190372342,0.5575798888249014,0.6201316912883199,0.5426005399126078,0.026728571520646543,2018
2018-06-20,Uruguay,Saudi Arabia,1.0,0.0,2.0,0.07991907150283177,0.1734760266077492,0.7466049018894191,0.7864507763044509,0.7060269562288783,0.7252959605648921,0.024658238357828693,2018
2018-06-21,Argentina,Croatia,0.0,3.0,0.0,0.24148559757438637,0.2565779457057379,0.5019364567198756,0.5336568839411119,0.47125781302825825,0.46319514977464266,0.023696041183548594,2018
2018-06-21,Denmark,Australia,1.0,1.0,1.0,0.23315839255628354,0.26517018888746385,0.5016714185562525,0.5134799243600784,0.46742991697083625,0.5309168986750328,0.01970241872917602,2018
2018-06-21,France,Peru,1.0,0.0,2.0,0.32419258652500926,0.27298817458073166,0.4028192388942591,0.4044692349048418,0.3534900998710155,0.44594967956506615,0.039086144511724596,2018
2018-06-22,Brazil,Costa Rica,2.0,0.0,2.0,0.07240305733803583,0.15656807382225987,0.7710288688397043,0.7820249254171756,0.7991406443231829,0.8057317196966002,0.006856929120338318,2018
2018-06-22,Nigeria,Iceland,2.0,0.0,2.0,0.424765712578632,0.2828064430679091,0.2924278443534589,0.4788393601318403,0.36995543082697846,0.3531869424812097,0.05540666889075883,2018
2018-06-22,Serbia,Switzerland,1.0,2.0,0.0,0.48470113636841056,0.25344856060673415,0.26185030302485524,0.5212044006334129,0.4718684684500007,0.4149123403545564,0.032902770405469725,2018
2018-06-23,Belgium,Tunisia,5.0,2.0,2.0,0.18506564980971071,0.2235389141282028,0.5913954360620866,0.6227988668212501,0.5096925681443841,0.605430042822431,0.035035446538252794,2018
2018-06-23,Germany,Sweden,2.0,1.0,2.0,0.21816830516355373,0.26730222854572655,0.5145294662907196,0.5060722952890676,0.5983570922747504,0.5456257165085439,0.032237170833190054,2018
2018-06-23,South Korea,Mexico,1.0,2.0,0.0,0.6007915917502016,0.2427032958626842,0.1565051123871143,0.6596597916110383,0.4968055519260335,0.5372932113906668,0.048939115593308276,2018
2018-06-24,England,Panama,6.0,1.0,2.0,0.11985258854120019,0.18009830906939772,0.7000491023894021,0.7002414864891009,0.7266103026500642,0.7711621053064663,0.021115061813935496,2018
2018-06-24,Japan,Senegal,2.0,2.0,1.0,0.392600619626959,0.2724539512720547,0.3349454291009863,0.41465022248900074,0.36014045073643575,0.35497955451514085,0.01836328253839277,2018
2018-06-24,Poland,Colombia,0.0,3.0,0.0,0.5477306043859383,0.23888769788422048,0.2133816977298411,0.6170215664603494,0.4512313008451648,0.43455753144862896,0.055074516695788424,2018
2018-06-25,Iran,Portugal,1.0,1.0,1.0,0.514182355765737,0.2542969303281611,0.23152071390610185,0.5317024711766813,0.49994788309076094,0.5163057203432542,0.017950922796725968,2018
2018-06-25,Russia,Uruguay,0.0,3.0,0.0,0.37280897610912184,0.2670400653096726,0.36015095858120555,0.3976226857196427,0.42053736833098876,0.35839198060797395,0.029919891215417643,2018
2018-06-25,Saudi Arabia,Egypt,2.0,1.0,2.0,0.41723469223671067,0.28998748409852676,0.29277782366476274,0.46646364750331365,0.4060300430051501,0.36247090529134174,0.0564895684179573,2018
2018-06-25,Spain,Morocco,2.0,2.0,1.0,0.12139570219563192,0.19035549543915403,0.688248802365214,0.7171787575025802,0.6920718514169762,0.6757066914554258,0.015111852081807315,2018
2018-06-26,Australia,Peru,0.0,2.0,0.0,0.5517670072096026,0.23623803274712074,0.21199496004327656,0.5933155668434206,0.5323712503164286,0.4868393677327092,0.03467588622122147,2018
2018-06-26,Denmark,France,0.0,0.0,1.0,0.47256266357514914,0.288947900722662,0.23848943570218886,0.4789978133532187,0.4229260239938971,0.5202348030244214,0.026936605028089155,2018
2018-06-26,Iceland,Croatia,1.0,2.0,0.0,0.5789682011669067,0.24600701103645703,0.17502478779663636,0.625926993144329,0.5095073107940494,0.530774727791358,0.03473908287013217,2018
2018-06-26,Nigeria,Argentina,1.0,2.0,0.0,0.5700614134751021,0.25653985458425393,0.1733987319406441,0.6089250121055977,0.5205872715437617,0.5347245699665559,0.025857391720158805,2018
2018-06-27,Mexico,Sweden,0.0,3.0,0.0,0.2569001233301975,0.3094004593842282,0.4336994172855742,0.41854522597394966,0.44527754176888035,0.5160931482538672,0.06185070300073316,2018
2018-06-27,Serbia,Brazil,0.0,2.0,0.0,0.7736575753652499,0.1629083943135609,0.06343403032118909,0.7836560328203037,0.876743808122709,0.766515845003207,0.033707347063603885,2018
2018-06-27,South Korea,Germany,2.0,0.0,2.0,0.6089417495781458,0.24952801469132355,0.1415302357305307,0.6327474991790738,0.5835656076121506,0.6167415079864004,0.017722248390194043,2018
2018-06-27,Switzerland,Costa Rica,2.0,2.0,1.0,0.2664157067044746,0.263335903294764,0.47024839000076146,0.4534346655105898,0.49692132469832984,0.5503677735513911,0.04775911854954987,2018
2018-06-28,England,Belgium,0.0,1.0,0.0,0.30712129257114046,0.2843813943490519,0.40849731307980763,0.4187863609283791,0.3994871587554869,0.4012803167340999,0.0098518602602183,2018
2018-06-28,Japan,Poland,0.0,1.0,0.0,0.3291790699460161,0.28409900644185987,0.38672192361212404,0.3847027366028139,0.3987132711377403,0.4015935212026058,0.030247339539958562,2018
2018-06-28,Panama,Tunisia,1.0,2.0,0.0,0.4057128167501437,0.27404013797776194,0.32024704527209447,0.42363514853395023,0.3645582165107179,0.3908759846774654,0.020084919659140412,2018
2018-06-28,Senegal,Colombia,0.0,1.0,0.0,0.591202683714118,0.23030305260290876,0.17849426368297308,0.6746467656125491,0.41747140435479396,0.4857296268837203,0.07358024908240934,2018
2018-06-30,France,Argentina,4.0,3.0,2.0,0.3211027573956648,0.30226320867675727,0.376634033927578,0.38098575954444014,0.38111570196794103,0.37637615346084685,0.02994648318126132,2018
2018-06-30,Uruguay,Portugal,2.0,1.0,2.0,0.3405118573488354,0.2633896181753244,0.39609852447584026,0.4335902561363134,0.39446620488848744,0.4014735795233013,0.03329814724884641,2018
2018-07-01,Croatia,Denmark,1.0,1.0,1.0,0.3603195531921424,0.26778490122080006,0.3718955455870576,0.37911362679609745,0.42012730616767874,0.39268705533046566,0.020455962056891347,2018
2018-07-01,Russia,Spain,1.0,1.0,1.0,0.5393624141876663,0.25562064502047593,0.20501694079185773,0.5441033238869423,0.5673441448751756,0.5656041980376878,0.01191738605217594,2018
2018-07-02,Belgium,Japan,3.0,2.0,2.0,0.1834834955507066,0.2214001130708009,0.5951163913784927,0.5860811152888046,0.6618220337519974,0.6578427715113739,0.02324953209538419,2018
2018-07-02,Brazil,Mexico,2.0,0.0,2.0,0.13561148142458812,0.2561913057570531,0.6081972128183588,0.6949360178606829,0.542117344619159,0.5419889532455613,0.11027856260567921,2018
2018-07-03,Colombia,England,1.0,1.0,1.0,0.3339903440183522,0.2937773508932166,0.3722323050884311,0.38339546537509683,0.39569310381930084,0.3775159625067236,0.03056743760394917,2018
2018-07-03,Sweden,Switzerland,1.0,0.0,2.0,0.3091736513403814,0.2784348933296451,0.41239145532997357,0.4220493169904031,0.4812123194313128,0.36308206172440394,0.03217243939130112,2018
2018-07-06,Brazil,Belgium,1.0,2.0,0.0,0.15145121756439203,0.24623868431416485,0.6023100981214431,0.6286935340637899,0.6348992460381477,0.5671372892636365,0.023237139417266708,2018
2018-07-06,Uruguay,France,0.0,2.0,0.0,0.40621886332869817,0.2618667070202665,0.33191442965103535,0.4013680023417721,0.4016450014718911,0.44556628994250663,0.029746459586538116,2018
2018-07-07,Russia,Croatia,2.0,2.0,1.0,0.37738903165366977,0.2658755887694979,0.35673537957683227,0.3917998497822531,0.44424033389743794,0.38737981801371907,0.039194792897946425,2018
2018-07-07,Sweden,England,0.0,2.0,0.0,0.4073808028640861,0.2851234701834355,0.3074957269524784,0.41367534331026495,0.408386121795323,0.4072688875061913,0.013801784881630759,2018
2018-07-10,France,Belgium,1.0,0.0,2.0,0.30055162778286265,0.3043347730174158,0.39511359919972144,0.4020358619536684,0.4321416602674306,0.36838647922393014,0.021405374579526747,2018
2018-07-11,Croatia,England,2.0,1.0,2.0,0.5237217364046598,0.26412553010912193,0.2121527334862183,0.5657404441620115,0.4117353507716866,0.5035922546487822,0.0424222419844885,2018
2018-07-14,Belgium,England,2.0,0.0,2.0,0.42008235065467364,0.30006867300472434,0.279848976340602,0.47238756737103976,0.44764240892436513,0.38287316267743077,0.07020857747046767,2018
2018-07-15,France,Croatia,4.0,2.0,2.0,0.2285620876635905,0.2639782924847437,0.5074596198516658,0.5159780135332589,0.523090141906987,0.520154570726612,0.01597362446624916,2018
2022-11-20,Qatar,Ecuador,0.0,2.0,0.0,0.47760209592834824,0.23891386714544346,0.2834840369262082,0.5203727726048418,0.4041555251905636,0.3968756236117306,0.04696314146485689,2022
2022-11-21,England,Iran,6.0,2.0,2.0,0.25447984603385626,0.25506699504723596,0.49045315891890784,0.5013031990434873,0.3635451253463169,0.5475053505865211,0.05617423886523785,2022
2022-11-21,Senegal,Netherlands,0.0,2.0,0.0,0.6862469948573698,0.20571352589030154,0.10803947925232874,0.7358981513011772,0.6478742210232394,0.561491718472633,0.0475682985201662,2022
2022-11-21,United States,Wales,1.0,1.0,1.0,0.40629799452256105,0.2596566721038026,0.33404533337363634,0.42990387799359553,0.34315798993784924,0.39203583965474653,0.03228164874212662,2022
2022-11-22,Argentina,Saudi Arabia,1.0,2.0,0.0,0.05004406292418368,0.1252513201266045,0.8247046169492118,0.8287983293879306,0.8207661048197846,0.8188003544122798,0.009186155219247287,2022
2022-11-22,Denmark,Tunisia,0.0,0.0,1.0,0.18946666416393854,0.2199652429840173,0.5905680928520441,0.5846354487808861,0.6116707871745443,0.5978494424916965,0.020351859677450672,2022
2022-11-22,France,Australia,4.0,1.0,2.0,0.12400174303953851,0.22301949416444844,0.6529787627960131,0.6645355216854412,0.6142266941214437,0.6477873374325381,0.03010136174645706,2022
2022-11-22,Mexico,Poland,0.0,0.0,1.0,0.28791847711615354,0.28506424494937443,0.4270172779344722,0.4366673175573563,0.41199990319100943,0.40857777453498867,0.01538788255000069,2022
2022-11-23,Belgium,Canada,1.0,0.0,2.0,0.16338903107859312,0.22522649274816542,0.6113844761732413,0.610421786284531,0.6368517082836889,0.6002026811136255,0.022285524008338015,2022
2022-11-23,Germany,Japan,1.0,2.0,0.0,0.2476272393254962,0.24606859085934019,0.5063041698151637,0.5038056040242406,0.4991707706533779,0.5215631092733116,0.024478139443534053,2022
2022-11-23,Morocco,Croatia,0.0,0.0,1.0,0.5623006318287451,0.22741634437654537,0.2102830237947096,0.5905405781353136,0.5858496345583016,0.46034096896687615,0.040636564110868474,2022
2022-11-23,Spain,Costa Rica,7.0,0.0,2.0,0.1271400181789065,0.19485966566570614,0.6780003161553875,0.6682288933316831,0.7242431145174397,0.6804380984636741,0.01765631002557164,2022
2022-11-24,Brazil,Serbia,2.0,0.0,2.0,0.09188650774740119,0.15840718457574746,0.7497063076768513,0.7482761970037013,0.8244277913374847,0.7062988099980665,0.032688210750948986,2022
2022-11-24,Portugal,Ghana,3.0,2.0,2.0,0.08419995756289651,0.15413809587827468,0.7616619465588288,0.77195330942993,0.8079007440978844,0.7014224605833471,0.02959551772918,2022
2022-11-24,Switzerland,Cameroon,1.0,0.0,2.0,0.13098756171127518,0.19165747317966342,0.6773549651090616,0.6747816574755099,0.7496828705510535,0.6389493388400969,0.031705878115810576,2022
2022-11-24,Uruguay,South Korea,0.0,0.0,1.0,0.19128895531191445,0.24650664276996798,0.5622044019181175,0.5541141953218132,0.5983667126616882,0.5653662540290527,0.012520792448099985,2022
2022-11-25,England,United States,0.0,0.0,1.0,0.17377742911207786,0.22614825736648356,0.6000743135214385,0.5868894051037084,0.5938320170878852,0.6493432338134862,0.019876271649581317,2022
2022-11-25,Netherlands,Ecuador,1.0,1.0,1.0,0.25430781491459153,0.24293225223613402,0.5027599328492743,0.456780900350019,0.6000000829907599,0.5812838322089009,0.0492528384481305,2022
2022-11-25,Qatar,Senegal,1.0,3.0,0.0,0.3009916071888662,0.2522479965655598,0.44676039624557395,0.45563934433536757,0.45660489243699093,0.41359577222766924,0.04053452306335251,2022
2022-11-25,Wales,Iran,0.0,2.0,0.0,0.2898673872070844,0.26694046610669475,0.4431921466862209,0.456292422971965,0.4200684155011629,0.41983326868307574,0.014407022621941096,2022
2022-11-26,Argentina,Mexico,2.0,0.0,2.0,0.1330586480227069,0.20152816677997532,0.6654131851973177,0.6580578193641133,0.743707113291095,0.6377381652208264,0.03236605096992054,2022
2022-11-26,France,Denmark,2.0,1.0,2.0,0.3192019733545848,0.2753136279993885,0.4054843986460267,0.394699521230934,0.37873337525708256,0.459057717430438,0.029496400440216786,2022
2022-11-26,Poland,Saudi Arabia,2.0,0.0,2.0,0.31210837943101655,0.2520215278993487,0.4358700926696349,0.42894807864237705,0.4522480069109523,0.447542100311437,0.023430255166495745,2022
2022-11-26,Tunisia,Australia,0.0,1.0,0.0,0.33138672130345964,0.27233869833384816,0.3962745803626922,0.38828733064386295,0.39814595570914446,0.42088624456691764,0.01426648785848421,2022
2022-11-27,Belgium,Morocco,0.0,2.0,0.0,0.13926908521580653,0.22027348730805757,0.6404574274761359,0.6366397104664671,0.6534527046653557,0.6472012221404659,0.018635967225966926,2022
2022-11-27,Croatia,Canada,4.0,1.0,2.0,0.29664659300713736,0.24930205034394398,0.45405135664891855,0.44742720535013036,0.4540477614804987,0.4765264581371113,0.02093198577376579,2022
2022-11-27,Japan,Costa Rica,0.0,1.0,0.0,0.21505660887722017,0.23934258101651637,0.5456008101062635,0.5475242141138085,0.5088337567459967,0.568243989194152,0.018049733739232895,2022
2022-11-27,Spain,Germany,1.0,1.0,1.0,0.23045615944985814,0.26437905512725834,0.5051647854228835,0.5193611336041236,0.5054147003753263,0.4628515376071568,0.022290766141489334,2022
2022-11-28,Brazil,Switzerland,1.0,0.0,2.0,0.11599493953309889,0.17900908577808486,0.7049959746888164,0.677701016046378,0.7744706088083485,0.7462954320627221,0.02774870270035999,2022
2022-11-28,Cameroon,Serbia,3.0,3.0,1.0,0.5981827388388218,0.23735595262048825,0.16446130854068994,0.611448587278805,0.5639392075310825,0.5840316355961002,0.03073544145560302,2022
2022-11-28,Portugal,Uruguay,2.0,0.0,2.0,0.3616045943653859,0.26084246762083974,0.3775529380137743,0.404106054491368,0.38525733903063336,0.4422872037321718,0.045605302875455715,2022
2022-11-28,South Korea,Ghana,2.0,3.0,0.0,0.21208378940469544,0.24146716279628672,0.5464490477990177,0.5318501641690261,0.5333570527760425,0.6043554481547025,0.03968385683148185,2022
2022-11-29,Ecuador,Senegal,1.0,2.0,0.0,0.19950510735451393,0.22060308933077583,0.5798918033147102,0.591870796533387,0.5910957870504578,0.5377971950064662,0.017227918069002025,2022
2022-11-29,Iran,United States,0.0,1.0,0.0,0.46664123332082164,0.2507535015621956,0.28260526511698286,0.4967642160679688,0.5231631739929437,0.36022307877970977,0.05564890984829355,2022
2022-11-29,Qatar,Netherlands,0.0,2.0,0.0,0.6772739169305044,0.2110262355401502,0.11169984752934538,0.7075990802498641,0.5860009100604895,0.650145493567991,0.03406833488396504,2022
2022-11-29,Wales,England,0.0,3.0,0.0,0.551546943289147,0.2751867619624608,0.17326629474839217,0.539684832441494,0.5743110306137543,0.5757370688733467,0.026191289032369735,2022
2022-11-30,Australia,Denmark,1.0,0.0,2.0,0.6070651245249425,0.22784013233657013,0.16509474313848738,0.6540204958683085,0.5349375071903079,0.5138558451635072,0.04122477784168616,2022
2022-11-30,Poland,Argentina,0.0,2.0,0.0,0.7089889020018676,0.19588905332318035,0.09512204467495207,0.7302530939210536,0.6839772169606191,0.6640292317967295,0.019937152458000415,2022
2022-11-30,Saudi Arabia,Mexico,1.0,2.0,0.0,0.5737437567067109,0.24759717579435656,0.17865906749893262,0.6303736360930672,0.5295659744820643,0.4302418130807105,0.05607518893495848,2022
2022-11-30,Tunisia,France,1.0,0.0,2.0,0.668936469839908,0.23068254314738476,0.1003809870127074,0.7083779478419702,0.5489804693515983,0.6331425411876297,0.050486530512339,2022
2022-12-01,Canada,Morocco,1.0,2.0,0.0,0.4661101230695471,0.2761624446967016,0.2577274322337513,0.49389563279697113,0.40813582190551045,0.42141124862587154,0.03088220801973193,2022
2022-12-01,Costa Rica,Germany,2.0,4.0,0.0,0.6258264406093828,0.21967401216017715,0.15449954723044018,0.6603790604636137,0.6127441519717592,0.5303522294751958,0.03602320737030051,2022
2022-12-01,Croatia,Belgium,0.0,0.0,1.0,0.43982178988467374,0.26767815333279055,0.29250005678253566,0.4805800257300336,0.3732594052722859,0.39116845947774437,0.041612467197217916,2022
2022-12-01,Japan,Spain,2.0,1.0,2.0,0.6439484769526751,0.23205417440207712,0.12399734864524782,0.675150826128836,0.5806006930830139,0.5942549966033174,0.03602367581864745,2022
2022-12-02,Cameroon,Brazil,1.0,0.0,2.0,0.8755424573172507,0.10209309924745658,0.022364443435292754,0.8773580320040886,0.8992723149256757,0.856779441419515,0.014973032403939856,2022
2022-12-02,Ghana,Uruguay,0.0,2.0,0.0,0.6920747327953014,0.1981549789170307,0.10977028828766788,0.7394072206960347,0.6720750396502481,0.5617831384493734,0.04940509150057259,2022
2022-12-02,Serbia,Switzerland,2.0,3.0,0.0,0.5139570753713568,0.25504639159330894,0.2309965330353342,0.5562402542057537,0.4962527093840119,0.39622087823474783,0.04427853871722955,2022
2022-12-02,South Korea,Portugal,2.0,1.0,2.0,0.671651888663254,0.20572011875513682,0.12262799258160927,0.6934851967139638,0.7113009093185786,0.5794788153910374,0.03897001834128424,2022
2022-12-03,Argentina,Australia,2.0,1.0,2.0,0.09461519089305763,0.17186265533022502,0.7335221537767174,0.7335871729005388,0.7665630853598346,0.7145606132157765,0.015092869084072513,2022
2022-12-03,Netherlands,United States,3.0,1.0,2.0,0.21890608587791144,0.24595687349449916,0.5351370406275894,0.5118292702444669,0.5873652023172086,0.5744772709219503,0.03439082336710489,2022
2022-12-04,England,Senegal,3.0,0.0,2.0,0.17103728300173246,0.19628809588275575,0.6326746211155118,0.6393261201936619,0.6342279786801258,0.6145897379943205,0.013928884119730612,2022
2022-12-04,France,Poland,3.0,1.0,2.0,0.20586447574893665,0.26835369775829165,0.5257818264927717,0.5281996023275801,0.49427472211962314,0.5429141275531095,0.01698175233237512,2022
2022-12-05,Brazil,South Korea,4.0,1.0,2.0,0.09001973960938511,0.16151588535796552,0.7484643750326494,0.7464061136248398,0.8063618587501601,0.7187953483174886,0.02437188058391902,2022
2022-12-05,Japan,Croatia,1.0,1.0,1.0,0.4153058182900901,0.27206050273428084,0.31263367897562894,0.44286529663307245,0.4161847790300215,0.37087855352500493,0.03529754640817626,2022
2022-12-06,Morocco,Spain,0.0,0.0,1.0,0.656510256997599,0.21145978648005168,0.13202995652234933,0.6878187045257447,0.5940321471003335,0.6060399138691642,0.0278824935545281,2022
2022-12-06,Portugal,Switzerland,6.0,1.0,2.0,0.2793129104995639,0.27523263429804323,0.4454544552023929,0.4526670698870455,0.40480914286642944,0.45287380555660783,0.024204084659490078,2022
2022-12-09,Croatia,Brazil,1.0,1.0,1.0,0.6735366680950868,0.2213302214663357,0.10513311043857737,0.7111049096579809,0.6262589895192223,0.5927956374929226,0.03460627105775931,2022
2022-12-09,Netherlands,Argentina,2.0,2.0,1.0,0.4868905943525985,0.27041263704944307,0.24269676859795838,0.5440977260932222,0.36148250579984104,0.39739975221918333,0.052840321741786635,2022
2022-12-10,England,France,1.0,2.0,0.0,0.38979672070282567,0.2675366920349476,0.34266658726222676,0.40545918254541313,0.3579457438664348,0.36447890314504244,0.014931456239871348,2022
2022-12-10,Morocco,Portugal,1.0,0.0,2.0,0.6246680368291333,0.22335024189264516,0.15198172127822154,0.6585128201503203,0.557753187287406,0.5690971686102237,0.03011814884769416,2022
2022-12-13,Argentina,Croatia,3.0,0.0,2.0,0.24219459633668483,0.22913310476543014,0.528672298897885,0.5501404008482251,0.41634291857169603,0.5427080514535227,0.04717989775809184,2022
2022-12-14,France,Morocco,2.0,0.0,2.0,0.2190683257388401,0.25699957968570464,0.5239320945754553,0.5398892263716308,0.4517727930095435,0.5270529854690307,0.029660365453474655,2022
2022-12-17,Croatia,Morocco,2.0,1.0,2.0,0.34954881486066086,0.26723537938555325,0.38321580575378583,0.38664455347750276,0.3615053172168468,0.39337455472778937,0.018817813914111012,2022
2022-12-18,Argentina,France,3.0,3.0,1.0,0.31545115447474104,0.2517159921156032,0.43283285340965577,0.4207935391735127,0.4795473930401429,0.43926728001390153,0.018804697949616696,2022
